 {"intents": [
        {"tag": "greeting",
         "patterns": ["Hi", "How are you", "Is anyone there?", "Hello", "Good day", "Whats up"],
         "responses": ["Hello!", "Good to see you again!", "Hi there, how can I help?"],
         "context_set": ""
        },
        {"tag": "goodbye",
         "patterns": ["cya", "See you later", "Goodbye", "I am Leaving", "Have a Good day"],
         "responses": ["Sad to see you go :(", "Talk to you later", "Goodbye!"],
         "context_set": ""
        },
        {"tag": "age",
         "patterns": ["how old", "how old is thalaivi", "what is your age", "how old are you", "age?"],
         "responses": ["I am 18 years old!", "18 years young!"],
         "context_set": ""
        },
        {"tag": "name",
         "patterns": ["what is your name", "what should I call you", "whats your name?"],
         "responses": ["You can call me Gbot.", "I'm Gbot!", "I'm Gbot aka Tech With Gbot."],
         "context_set": ""
        },
        {"tag": "book",
         "patterns": ["Id like to book tickets", "whats the procedure to book tickets", "what do you reccommend?", "could i get more information about bokking","how many tickets can we able to book in one ID"],
         "responses": ["yea sure we will help you to book tickets", "Train ticket booking allows the travelers to seek a confirmed berth in the selected class of a train. There are two ways of booking train tickets: through railway station ticket counters or online train ticket booking. Unique PNR (Passenger Name Record) is generated against every ticket booked.","Individuals are allowed only Two tickets per User-ID in a day for Tatkal booking from 10:00 am to 12:00 noon and 2 ARP tickets from 8.00 AM to 10.00 AM. A maximum of 6 tickets can be booked online in a month by an individual, a monthly limit can be extended to 12 by Aadhaar E KYC on IRCTC site."],
         "context_set": ""
        },
        {"tag": "hours",
         "patterns": ["when are you guys open", "what are your hours", "hours of operation"],
         "responses": ["We are open 7am-4pm Monday-Friday!"],
         "context_set": ""
        },
        {"tag": "cancel",
         "patterns": ["how to cancel my ticket", "what are the procedure to cancel the ticket"],
         "responses": ["E-Tickets can be cancelled on the internet at this website till Chart preparation of the train. Cancellations are not allowed at face to face Railway Counters. If the user wishes to cancel his e-Ticket, he can do so till the time of chart preparation for the train.!"],
         "context_set": ""
        },
        {"tag": "refund",
            "patterns": ["what is the procedure to refund my payment", "how can i refund my ticket amount ", "how many days before i need to "],
            "responses": ["Once you have filed a TDR, the IRCTC will forward the claim to Concerned Railways to process the refund and money of refund amount will be credited back to same account through which payment was made after receiving the same from the concerned Railways "],
            "context_set": ""
        },
        {"tag": "concession",
            "patterns": ["Is there any concession for women", "Is there any concession for women "],
            "responses": ["The minimum age for availing the concession has been reduced from 60 years to 58 years in case for women senior citizen on ticket purchased on and after 01.06.2011. The element of concession will continue to remain at 50% of PRS fare","Indian Railways grant concession in the fares of all classes of Mail/Express/Rajdhani/Shatabdi/Jan Shatabdi/Duronto group of trains to Male Senior Citizens of minimum 60 years and Female Senior Citizen of minimum 58 years."],
            "context_set": ""
        }
   ]
}